[
    {
      "poi": "Rathaus",      
      "location": {
		  "info": "Das Rathaus am Rathausplatz im 1. Bezirk, bis 1960 zur Unterscheidung vom Alten Rathaus Neues Rathaus genannt.",
		  "x": "110",
		  "y": "310"
		}
    },
    {
      "poi": "Uhrturm",
	  "location": {
		  "info": "Der Uhrturm ist ein 28 Meter hoher Uhrturm auf dem Schloßberg.",
		  "x": "230",
		  "y": "220"
	  }
    },
    {
      "poi": "Stadtpark",     
	  "location": {
		   "info": "Der Stadtpark ist ein 14 Hektar großer öffentlicher Park im 5. Bezirk.",
		  "x": "70",
		  "y": "100"
	  }
    },
    {
      "poi": "Dom",      
	  "location": {
		  "info": "Der Dom ist ein im neobyzantinischen Stil gehaltener monumentaler serbisch-orthodoxer Kirchenbau.",
		  "x": "70",
		  "y": "480"
	  }
    },
    {
      "poi": "Zentralbahnhof",      
	  "location": {
		  "info": "Der Zentralbahnhof ist ein Kopfbahnhof und einer der wichtigsten Bahnhöfe im Verkehrsnetz.",
		  "x": "280",
		  "y": "420"
	  }
    },
    {
      "poi": "Marktviertel",     
	  "location": {
		   "info": "In Grundbüchern und Urkunden seit dem 14. Jahrhundert unter verschiedenen Flurbezeichungen",
		  "x": "450",
		  "y": "200"
	  }
	},
    {
      "poi": "Bibliothek",      
	  "location": {
		  "info": "Die Bibliothek befindet sich parallel zum Bahnhof.",
		  "x": "500",
		  "y": "70"
	  }
    }
]